Order Reference,Customer,Product,Quantity,Unit Price,Subtotal
SO001,شركة النور للديكور,شمعة لافندر فرنسي (فتلة خشب),10,100.0,1000.0
SO001,شركة النور للديكور,شمعة فانيليا مركزة,5,100.0,500.0
SO002,مؤسسة الأضواء الهادئة,شمعة صويا طبيعية (حجم كبير),20,120.0,2400.0
SO002,مؤسسة الأضواء الهادئة,معطر جو مع الشموع,10,80.0,800.0
SO003,محمد السيد علي,طقم شموع هدايا معتّقة,2,225.0,450.0
SO004,فاطمة أحمد حسن,شمعة جل شفافة بالورود,12,100.0,1200.0
SO005,شركة الفيروز للتجارة,شمعة عطرية فاخرة (برطمان خرساني),30,180.0,5400.0
SO006,محمود عبد الله,شمعة فانيليا مركزة,5,170.0,850.0
SO007,معرض النساجون الشرقيون,شمعة صويا طبيعية (حجم كبير),60,160.0,9600.0
SO008,ياسمين إبراهيم,طقم شموع هدايا معتّقة,3,223.33,670.0
SO009,شركة الهنا للاستيراد,شمعة لافندر فرنسي (فتلة خشب),20,155.0,3100.0
SO010,كريم عبد العزيز,شمعة جل شفافة بالورود,18,100.0,1800.0
